video_url,user_url,username,title,view_num,created_at,shortdesc,collected_at
/watch?v=ge6ZJ3ngO00&pp=ygUOVVMgYWlkIFVrcmFpbmU%3D,/@ZeihanonGeopolitics,Zeihan on Geopolitics,US Congress Dysfunction: Blocking Aid to Ukraine || Peter Zeihan,227K,22 hours,We are taking a question from the 'Ask Peter' forum today - am I worried about Ukraine's dwindling weapon's supplies in light of ...,2024-01-30 08:58:01.044313
/watch?v=PHE_mKdwxhs&pp=ygUOVVMgYWlkIFVrcmFpbmU%3D,/@JakeBroe,Jake Broe,"Ukraine Military Aid ""Dead on Arrival"" According to Speaker Johnson",242K,1 day,"Russia is not going to be able to capture the Ukrainian city of Avdiivka prior to Putin's re-election in March, denying him any kind of ...",2024-01-30 08:58:10.237112
/watch?v=_vh-BJYneh0&pp=ygUOVVMgYWlkIFVrcmFpbmU%3D,/@UATVEnglish,UATV English,MORE U.S. Aid for Ukraine Will Be Approved Already in 2024,22K,3 weeks,The USA has been the largest donor of financial and military aid to Ukraine since 2022 when Russia tried to conquer the country ...,2024-01-30 08:58:10.244394
/watch?v=FWh7OzmMsyI&pp=ygUOVVMgYWlkIFVrcmFpbmU%3D,/@ATPGeo,ATP Geopolitics,Ukraine War Update NEWS (2024027b): Military Aid,12K,2 days,Here is today's UWU NEWS giving you all the nuggets you need to add to your understanding of events. Discord: ...,2024-01-30 08:58:10.250232
/watch?v=RXQYtuXAjzI&pp=ygUOVVMgYWlkIFVrcmFpbmU%3D,/@NBCNews,NBC News,"U.S. aid to Ukraine being stalled by domestic politics is ‘disturbing,’ says Ukrainian MP",9.8K,4 weeks,"Hours before the new year, Russia launched a record 90 drones into Ukraine. Ukrainian member of Parliament Kira Rudik ...",2024-01-30 08:58:10.263325
/watch?v=65ClGXn-rRY&pp=ygUOVVMgYWlkIFVrcmFpbmU%3D,/@dwnews,DW News,US approves 'final' military aid package to Ukraine | DW News,43K,1 month,"Ukrainian President Volodymyr Zelenskyy on Thursday thanked ""Joe Biden, Congress, and the American people"" for the latest ...",2024-01-30 08:58:10.266958
/watch?v=44lp4_csm4w&pp=ygUOVVMgYWlkIFVrcmFpbmU%3D,/@WION,WION,US Senate Republicans block Ukraine aid bill over immigration row | WION,8.9K,1 month,"The Senate has blocked a supplemental funding bill that included financial aid for Ukraine, Israel, and Taiwan as well as ...",2024-01-30 08:58:10.268962
/watch?v=JEPQRqSF-DM&pp=ygUOVVMgYWlkIFVrcmFpbmU%3D,/@CBSNews,CBS News,Ukraine faces Russian attacks as U.S. aid stalls in Congress,129K,3 weeks,"Ukraine says a Russian attack on two of its largest cities has left four people dead. George Beebe, director of grand strategy at the ...",2024-01-30 08:58:10.277597
/watch?v=4Hzktr89hvQ&pp=ygUOVVMgYWlkIFVrcmFpbmU%3D,/@ForbesBreakingNews,Forbes Breaking News,JUST IN: Pentagon Denies Claims Of 'Illicit Diversion' Of US Aid To Ukraine Amid DODIG Investigation,35K,2 weeks,Pentagon Press Secretary Major General Pat Ryder was asked about an ongoing investigation by the Department of Defense ...,2024-01-30 08:58:10.286444
/watch?v=H0X5xwzipc8&pp=ygUOVVMgYWlkIFVrcmFpbmU%3D,/@CBSChicago,CBS Chicago,Ukraine struggles to defend against Russian invasion as U.S. aid dries up,16K,2 weeks,Ukrainian President Volodymyr Zelenskyy is set to travel to Switzerland to ensure more support from allies in his country's fight ...,2024-01-30 08:58:10.292570
/watch?v=Ozdz3JHx_VM&pp=ygUOVVMgYWlkIFVrcmFpbmU%3D,/@CBSNews,CBS News,Biden announces final Ukraine aid package of 2023,81K,1 month,The Biden administration announced an additional $250 million in military aid for Ukraine on Wednesday. CBS News ...,2024-01-30 08:58:10.298276
/watch?v=wqboJQLrCII&pp=ygUOVVMgYWlkIFVrcmFpbmU%3D,/@Channel4News,Channel 4 News,Ukraine gets ‘final’ $250m US aid - Congress urged to approve new deal ‘quickly’,20K,1 month,"President Zelenskyy said Ukraine would ""always be grateful"" for the continued support - as they battle to hold back Russian forces ...",2024-01-30 08:58:10.300326
/watch?v=sU1EDwQQ-ns&pp=ygUOVVMgYWlkIFVrcmFpbmU%3D,/@CBCNews,CBC News,U.S. sends $250M in military aid to Ukraine,9.1K,1 month,The White House will send up to $250 million in arms and equipment to Ukraine in the U.S.'s final aid package this year to help ...,2024-01-30 08:58:10.312121
/watch?v=Vkamgm8y7CU&pp=ygUOVVMgYWlkIFVrcmFpbmU%3D,/@BBCNews,BBC News,US Republicans block Ukraine and Israel aid bill - BBC News,286K,1 month,US Senate Republicans have blocked a move to pass an aid bill for Ukraine after failing to secure border compromises they ...,2024-01-30 08:58:10.321557
/watch?v=4fgp6De3aB4&pp=ygUOVVMgYWlkIFVrcmFpbmU%3D,/@NBCNews,NBC News,Ukraine asking for more fighters as fight over more aid from U.S. continues,98K,1 month,Ukrainian President Volodymyr Zelenskyy reveals the army needs nearly 500000 people to mobilize for fighting before U.S. aid ...,2024-01-30 08:58:10.323775
/watch?v=Ziiznv8_z5E&pp=ygUOVVMgYWlkIFVrcmFpbmU%3D,/@PBSNewsHour,PBS NewsHour,Former NATO chief on what's at stake as U.S. debates military aid for Ukraine,44K,12 days,Critical U.S. aid to Ukraine is still being held up in ongoing negotiations between Congress and the White House over funding for ...,2024-01-30 08:58:10.330695
/watch?v=Yt1nFeN9fAg&pp=ygUOVVMgYWlkIFVrcmFpbmU%3D,/@UATVEnglish,UATV English,Military aid to Ukraine: why it is a Win-Win for the U.S.,3.3K,3 months,"Since 2022, most of the Russian military, political, and economic power has been directed against the sovereign state of Ukraine.",2024-01-30 08:58:10.338361
/watch?v=uwG0bYYvEUE&pp=ygUOVVMgYWlkIFVrcmFpbmU%3D,/@wsj,The Wall Street Journal,Ukraine War Aid: Where Have U.S. Funds Gone and Why Has Support Stalled? | WSJ,306K,17 hours,The political stalemate in Washington is now impairing Ukraine's efforts to repel Russia's invasion. House Republicans say they ...,2024-01-30 08:58:17.513875
/watch?v=YwXwjG9093E&pp=ygUOVVMgYWlkIFVrcmFpbmU%3D,/@TODAY,TODAY,Biden vows to shut down border if Congress locks immigration deal,267K,19 hours,The White House and a group of senators are close to a bipartisan border security deal that includes tougher border measures ...,2024-01-30 08:58:17.517615
/shorts/X8_-XHROQLQ,/@YahooFinance,Yahoo Finance,Ukraine to receive $800M in military aid from U.S.,8.9K,1 year,"About Yahoo Finance: At Yahoo Finance, you get free stock quotes, up-to-date news, portfolio management resources, ...",2024-01-30 08:58:17.521180
/watch?v=7gYpJotNUEs&pp=ygUOVVMgYWlkIFVrcmFpbmU%3D,/@BeastPhilanthropy,Beast Philanthropy,"We Gave $3,000,000 of Aid to Ukrainian Refugees!",12M,1 year,100% of these funds will go directly to our mission of helping those affected by the war in Ukraine. We couldn't have pulled off this ...,2024-01-30 08:58:17.524491
/watch?v=tk3KRdaNpGk&pp=ygUOVVMgYWlkIFVrcmFpbmU%3D,/@ATPGeo,ATP Geopolitics,Ukraine War Update NEWS (2024024b): Military Aid - EDA Could Be a Game-Changer,12K,5 days,Here is today's UWU NEWS giving you all the nuggets you need to add to your understanding of events. Discord: ...,2024-01-30 08:58:17.527481
/watch?v=7jm2Y5owvEU&pp=ygUOVVMgYWlkIFVrcmFpbmU%3D,/@WION,WION,Russia-Ukraine war: U.S. releases final package of authorised military aid for Ukraine | WION,8.1K,1 month,"The United States President Joe Biden's administration, on Wednesday (Dec 27) announced another tranche of military aid for ...",2024-01-30 08:58:17.530574
/watch?v=TJrMEPaVYPw&pp=ygUOVVMgYWlkIFVrcmFpbmU%3D,/@HT-Videos,Hindustan Times,U.S. 'Disappoints' Zelensky; Military Aid To Ukraine 'Stopped' As Putin's War Intensifies,64K,2 weeks,The White House has confirmed that U.S. military aid to Ukraine has now stopped. The U.S.' aid has stopped due to differences ...,2024-01-30 08:58:17.534064
/watch?v=ud0OVHxNOF0&pp=ygUOVVMgYWlkIFVrcmFpbmU%3D,/@BBCNews,BBC News,Ukraine's Zelensky facing US political deadlock over aid | BBC News,110K,1 month,Volodymyr Zelensky's third visit to Washington on Tuesday was a last-ditch effort to win new military aid from Congress before the ...,2024-01-30 08:58:17.537622
/watch?v=lqYDuY4bQug&pp=ygUOVVMgYWlkIFVrcmFpbmU%3D,/@dwnews,DW News,"US Senate Republicans block military aid for Israel, Ukraine and Taiwan | DW News",72K,1 month,US Republican senators have blocked a bill aimed at providing billions of dollars of military aid to Ukraine and Israel. They insist ...,2024-01-30 08:58:17.541920
/watch?v=zGKE3aaz1kQ&pp=ygUOVVMgYWlkIFVrcmFpbmU%3D,/@CNN,CNN,Ukraine turns to cheaper drones as US aid stalls,82K,1 month,"CNN's Nick Paton Walsh reports from Kherson, Ukraine, as soldiers are forced to get creative and use cheaper, one-way drones ...",2024-01-30 08:58:17.544811
/watch?v=G8UjlXJStB8&pp=ygUOVVMgYWlkIFVrcmFpbmU%3D,/@SkyNews,Sky News,Can Zelenskyy win more military aid from the US? | Ukraine war,175K,1 month,Military analyst Professor Michael Clarke analyses the prospects for Volodymyr Zelenskyy's visit to the US to seek further military ...,2024-01-30 08:58:17.551019
/watch?v=kY49Ds-FQtg&pp=ygUOVVMgYWlkIFVrcmFpbmU%3D,/@WashingtonPost,Washington Post,Biden appeals to Congress for Ukraine aid,39K,1 month,"President Biden urged Congress on Dec. 6 to approve billions in Ukraine aid, warning that failure would empower Russian ...",2024-01-30 08:58:17.553798
/watch?v=gShGLsFIWA0&pp=ygUOVVMgYWlkIFVrcmFpbmU%3D,/@HT-Videos,Hindustan Times,Pentagon's Big Warning To U.S. Congress Over Ukraine Aid; 'Running Low On Money...',66K,3 months,The Pentagon had reportedly warned the U.S. Congress that it was running low on money to replace weapons sent to Ukraine.,2024-01-30 08:58:17.558122
/watch?v=rgq3TIgomdc&pp=ygUOVVMgYWlkIFVrcmFpbmU%3D,/@globalnews,Global News,US narrowly avoids government shutdown in deal which omits aid to Ukraine,16K,3 months,"In Washington, a government shutdown was barely averted this morning, but the deal did not include funding for Ukraine and it ...",2024-01-30 08:58:17.561489
/shorts/TdS4XkvNPIs,/@VOANews,Voice of America,Biden Says US Will Continue to Send Military Aid to Ukraine #shorts,32K,1 year,"The United States will continue to send military aid to Ukraine because Russian President Vladimir Putin ""can't seize his ...",2024-01-30 08:58:17.563863
/watch?v=oi65HTEyxX8&pp=ygUOVVMgYWlkIFVrcmFpbmU%3D,/@PBSNewsHour,PBS NewsHour,"Possible deal on Ukraine aid, immigration reform at risk of collapsing",14K,4 days,High-stakes negotiations in Washington over two intertwined and looming issues were derailed on Thursday. The possible deals ...,2024-01-30 08:58:17.565621
/watch?v=XTrT4JAWMV4&pp=ygUOVVMgYWlkIFVrcmFpbmU%3D,/@France24_en,FRANCE 24 English,Future of US aid for Kyiv hangs in balance after last-gasp deal • FRANCE 24 English,3.1K,3 months,The US legislation approved on September 30 to keep the federal government running until Nov. 17 dropped provisions on ...,2024-01-30 08:58:17.567314
/watch?v=y7TlZsjZ0d8&pp=ygUOVVMgYWlkIFVrcmFpbmU%3D,/@CityNews,CityNews,‘Not much time’ to keep U.S. aid flowing to Ukraine,21K,3 months,Lawmakers in Washington avoided a costly government shutdown — at a cost to Ukraine. Caryn Ceolin with the U.S. president's ...,2024-01-30 08:58:17.571075
/watch?v=ozQYnytqbTE&pp=ygUOVVMgYWlkIFVrcmFpbmU%3D,/@UATVEnglish,UATV English,US Aid to Ukraine Supported by Zelenskyy's Visit – Taylor,4.8K,1 month,"William Taylor, US Ambassador to Ukraine from 2006–2009, is sure that any foreign visit of the Ukrainian President is essential.",2024-01-30 08:58:17.574970
/watch?v=l00dLXooMvY&pp=ygUOVVMgYWlkIFVrcmFpbmU%3D,/@BBCNews,BBC News,Ukraine war: Zelensky arrives in US in bid to rescue $60bn military aid | BBC News,116K,1 month,Ukrainian President Volodymyr Zelensky has arrived in Washington DC to try to rescue an imperilled US defence package to Kyiv ...,2024-01-30 08:58:17.578533
/watch?v=tgazVNrde70&pp=ygUOVVMgYWlkIFVrcmFpbmU%3D,/@ABCNews,ABC News,Biden urges Congress to approve U.S. aid to Ukraine in meeting with Zelenskyy,10K,1 month,Key moments: 00:00 Biden meeting with Zelenskyy 05:14 ABC News analysis with Karen Travers and Jay O'Brien Watch ABC ...,2024-01-30 08:58:27.409517
/watch?v=5teCc335kcs&pp=ygUOVVMgYWlkIFVrcmFpbmU%3D,/@CNN,CNN,Why NATO chief is counting on Congress to re-up Ukraine military aid,135K,1 month,CNN's Christiane Amanpour speaks with NATO chief Jens Stoltenberg about the future of NATO and Ukraine's war with Russia ...,2024-01-30 08:58:27.418153
/watch?v=qcPbr87NujU&pp=ygUOVVMgYWlkIFVrcmFpbmU%3D,/@CBSChicago,CBS Chicago,U.S. aid to Ukraine running out without action from Congress,6.4K,1 month,"The White House says Ukraine is getting one more aid package this month, but after that help isn't coming unless Congress acts.",2024-01-30 08:58:27.423468
/watch?v=VHlRTxQvAu4&pp=ygUOVVMgYWlkIFVrcmFpbmU%3D,/@KTVUFox2,KTVU FOX 2 San Francisco,US announces aid package for Ukraine,20K,1 month,The Defense Department announced a security assistance package for Ukraine valued at up to $250 million. The package ...,2024-01-30 08:58:27.427780
/watch?v=W3m-5IDvomM&pp=ygUOVVMgYWlkIFVrcmFpbmU%3D,/@guardiannews,Guardian News,Biden confirms more military aid for Ukraine in Zelenskiy meeting,11K,4 months,Biden said he was counting on Congress to make a 'good judgment' when it came to more funding for Ukraine. The administration ...,2024-01-30 08:58:27.431482
/watch?v=BhdiZ8vscjg&pp=ygUOVVMgYWlkIFVrcmFpbmU%3D,/@France24_en,FRANCE 24 English,Military aid to Ukraine: US already spent more than $43 billion in security assistance • FRANCE 24,9.3K,5 months,The United States and the EU have provided billions of euros in security funding for Ukraine since the war began. With Kyiv's ...,2024-01-30 08:58:27.435297
/watch?v=uGEjKkOSnZY&pp=ygUOVVMgYWlkIFVrcmFpbmU%3D,/@thehill,The Hill,US Aid to Ukraine IS OVER: Zelensky Visits Davos World Economic Forum to BEG for More Money: Rising,125K,13 days,Briahna Joy Gray and Robby Soave discuss updates on the Ukraine-Russia War. #Zelenksy About Rising: Rising is a weekday ...,2024-01-30 08:58:27.438577
/watch?v=ZDe_6j4IJNU&pp=ygUOVVMgYWlkIFVrcmFpbmU%3D,/@ABCNews,ABC News,Ukraine's fight for military aid,58K,13 days,ABC News' Tom Soufi Burridge reports as Ukraine forces attempt to prepare for a new major Russian offensive as the fate of new ...,2024-01-30 08:58:27.442120
/watch?v=zQN290oD57o&pp=ygUOVVMgYWlkIFVrcmFpbmU%3D,/@ForbesBreakingNews,Forbes Breaking News,John Kirby Asked Point Blank If US Aid For Ukraine Is ‘De Facto Over’,8.3K,13 days,"During a virtual press briefing on Tuesday, Admiral John Kirby was asked about aid for Ukraine and Jake Sullivan's talks with ...",2024-01-30 08:58:27.445776
/watch?v=J9nc0Q-pbaI&pp=ygUOVVMgYWlkIFVrcmFpbmU%3D,/@CBSNews,CBS News,Investigating how U.S. aid for Ukraine is spent,6.2K,4 months,"A new ""60 Minutes"" report that aired over the weekend showcased how U.S. money to Ukraine is distributed and ultimately spent, ...",2024-01-30 08:58:27.449353
/watch?v=JeM5a0PPkhU&pp=ygUOVVMgYWlkIFVrcmFpbmU%3D,/@CBSNews,CBS News,What happens if U.S. aid to Ukraine runs out?,67K,1 month,"The White House has warned Congress that the U.S. is running out of money for Ukraine. Connor O'Brien, defense reporter for ...",2024-01-30 08:58:27.453542
/watch?v=zFc_z1O-OWo&pp=ygUOVVMgYWlkIFVrcmFpbmU%3D,/@telegraph,The Telegraph,Putin invites Biden ‘for tea' as US-supplied ATACMS arrive in Ukraine,2M,3 months,"Vladimir Putin has invited Joe Biden for tea, suggesting that he take back the long-range Army Tactical Missile System (Atacms) ...",2024-01-30 08:58:27.456720
/watch?v=FiFuBwshBqs&pp=ygUOVVMgYWlkIFVrcmFpbmU%3D,/@VOANews,Voice of America,Looming Shutdown Threatens US Aid to Ukraine | VOANews,4K,2 months,Biden administration officials warned U.S. lawmakers Wednesday that a failure to pass the White House request for $61.4 billion ...,2024-01-30 08:58:27.459345
/watch?v=WPm6PNJFRpA&pp=ygUOVVMgYWlkIFVrcmFpbmU%3D,/@FoxBusiness,Fox Business,Polish president details Ukraine's fate if US stops sending aid amid war with Russia,45K,10 days,"Poland President Andrzej Duda discusses the impact of the Ukraine war on Poland, its economy and the political conflict taking ...",2024-01-30 08:58:27.461883
/watch?v=64pnI2LDjXc&pp=ygUOVVMgYWlkIFVrcmFpbmU%3D,/@dwnews,DW News,US and EU struggle to keep funding Ukraine war | DW News,76K,4 weeks,Ukraine's most important allies are facing limited political room to maneuver. The European Union has failed to come up with a ...,2024-01-30 08:58:27.464903
/watch?v=JOEDA37CnZ0&pp=ygUOVVMgYWlkIFVrcmFpbmU%3D,/@HT-Videos,Hindustan Times,'Don't Let Putin Win': Biden 'Begs' Yet U.S. Senate Blocks Aid For Ukraine & Israel | Watch,110K,1 month,"In a major embarrassment for U.S. president Joe Biden, the Senate blocked an aid package which included funds for Ukraine and ...",2024-01-30 08:58:27.467993
/watch?v=AzaWehfBY-0&pp=ygUOVVMgYWlkIFVrcmFpbmU%3D,/@CBSNews,CBS News,"Ukrainian lawmaker worries country is ""finished"" without U.S. funds",14K,2 weeks,"Additional funding for Ukraine has stalled in Congress and that's sparking great concern in Kyiv, which is still holding its ground ...",2024-01-30 08:58:27.472396
/watch?v=Z7GVmNN7kq0&pp=ygUOVVMgYWlkIFVrcmFpbmU%3D,/@BBCNews,BBC News,Why is Western aid to Ukraine falling? - BBC News,187K,1 month,Commitments of aid to Ukraine are at the lowest since the invasion by Russia began. The country has been relying on Western ...,2024-01-30 08:58:27.478323
/watch?v=Iw15103tIY0&pp=ygUOVVMgYWlkIFVrcmFpbmU%3D,/@guardiannews,Guardian News,Biden says 'brinkmanship has to end' after US shutdown avoided but Ukraine aid left out,9.1K,3 months,The president lambasted Republicans for holding up government spending talks and assured Ukraine that US support and aid ...,2024-01-30 08:58:27.481859
/watch?v=d-Z0k20gRlU&pp=ygUOVVMgYWlkIFVrcmFpbmU%3D,/@Reuters,Reuters,Blinken: More than $1 billion in new US aid to Ukraine,50K,4 months,"Secretary of State Antony Blinken, the first top US official to visit Kyiv since the counteroffensive began in early June, announced a ...",2024-01-30 08:58:27.487075
/watch?v=b8gb0-UvDsw&pp=ygUOVVMgYWlkIFVrcmFpbmU%3D,/@CNN,CNN,US searches for ways to keep aid flowing to Ukraine before funding runs out,65K,3 months,The US will transfer thousands of seized Iranian weapons and rounds of ammunition to Ukraine. The move could help to alleviate ...,2024-01-30 08:58:36.220639
/watch?v=jBAmA2jZzFY&pp=ygUOVVMgYWlkIFVrcmFpbmU%3D,/@WION,WION,Russia-Ukraine war: U.S. releases aid package for Kyiv provides up to $250 mn of arms & equipment,11K,1 month,"The United States President Joe Biden's administration, on Wednesday (Dec 27) announced another tranche of military aid for ...",2024-01-30 08:58:36.223596
/watch?v=CKooArXhs1k&pp=ygUOVVMgYWlkIFVrcmFpbmU%3D,/@CBSEveningNews,CBS Evening News,"Senate Republicans block Ukraine, Israel aid bill",158K,1 month,"A Senate bill that would provide more than $100 billion in aid, primarily to Israel and Ukraine, was blocked by Republicans, who ...",2024-01-30 08:58:36.225065
/watch?v=cE7chGlMAok&pp=ygUOVVMgYWlkIFVrcmFpbmU%3D,/@CBSNews,CBS News,Zelenskyy tours Baltic states as Ukraine grows desperate for military aid,28K,2 weeks,Ukrainian President Volodymyr Zelenskyy is touring the Baltic countries to garner support for more military aid in the country's war ...,2024-01-30 08:58:36.226483
/watch?v=kvsg2VIQDMA&pp=ygUOVVMgYWlkIFVrcmFpbmU%3D,/@thehill,The Hill,U.S. Cash for Ukraine DRIES UP as Zelensky Hits Davos for ANOTHER CHECK: Rising Reacts,64K,8 days,About Rising: Rising is a weekday morning show with bipartisan hosts that breaks the mold of morning TV by taking viewers ...,2024-01-30 08:58:36.228645
/watch?v=Z-YYL4UohjY&pp=ygUOVVMgYWlkIFVrcmFpbmU%3D,/@CBSMornings,CBS Mornings,Blinken expected to announce billion-dollar aid package for Ukraine during visit,2.4K,4 months,Secretary of State Antony Blinken is in Ukraine in a public display of U.S. support for the continued fight against Russia. As CBS ...,2024-01-30 08:58:36.232339
/watch?v=_tBHGm065W4&pp=ygUOVVMgYWlkIFVrcmFpbmU%3D,/@CBSNews,CBS News,Ukraine aid dropped from bill to avert government shutdown,39K,3 months,Funding for Ukraine was noticeably absent from the bipartisan bill passed by Congress Saturday night that will keep the ...,2024-01-30 08:58:36.234392
/watch?v=U45f47ymHi4&pp=ygUOVVMgYWlkIFVrcmFpbmU%3D,/@livenowfox,LiveNOW from FOX,Zelenskyy pleads for U.S. aid to Ukraine ahead of Biden meeting | LiveNOW from FOX,11K,1 month,"Ukrainian President Zelenskyy is scheduled to meet with President Biden Tuesday at the White House, with more U.S. aid to ...",2024-01-30 08:58:36.236098
/watch?v=wbPxLWJWlHo&pp=ygUOVVMgYWlkIFVrcmFpbmU%3D,/@NBCNews,NBC News,New U.S. aid package to Ukraine will be valued at up to $325 million,21K,4 months,NBC News White House Correspondent Allie Raffa and NBC News Capitol Hill Correspondent Julie Tsirkin join Meet the Press ...,2024-01-30 08:58:36.237491
/watch?v=MvHmu7mvpUo&pp=ygUOVVMgYWlkIFVrcmFpbmU%3D,/@CBSNews,CBS News,"House and Senate Republicans at odds over border security, Ukraine aid",6.9K,12 days,President Biden is meeting with congressional leaders at the White House in another attempt to pass a foreign aid package that ...,2024-01-30 08:58:36.238908
/watch?v=VnXJT_yTqRU&pp=ygUOVVMgYWlkIFVrcmFpbmU%3D,/@BBCNews,BBC News,Ukraine war: Kyiv forced to cut military operations as foreign aid dries up | BBC News,337K,1 month,Ukraine has warned it is already being forced to downsize some military operations because of a drop-off in foreign aid.,2024-01-30 08:58:36.241318
/watch?v=8YaypkNGlKc&pp=ygUOVVMgYWlkIFVrcmFpbmU%3D,/@NBCNews,NBC News,U.S to give Ukraine an additional $325 million in military aid,97K,4 months,"After meeting with Ukrainian President Zelensky, President Joe Biden announced that the U.S. will provide Ukraine with an ...",2024-01-30 08:58:36.242866
/watch?v=jj8BB-quFnw&pp=ygUOVVMgYWlkIFVrcmFpbmU%3D,/@msnbc,MSNBC,Zelenskyy makes pitch to Republicans for Ukraine military aid,120K,1 month,President Zelenskyy visited Capitol Hill to urge Congress to approve military aid to Ukraine. Funding is still tied up over stalled ...,2024-01-30 08:58:36.244277
/watch?v=x2l0nz2NAQA&pp=ygUOVVMgYWlkIFVrcmFpbmU%3D,/@aljazeeraenglish,Al Jazeera English,Slovakia’s populist party opposed to Ukraine aid wins vote,19K,3 months,The populist party of former Prime Minister Robert Fico that wants to stop military aid to Ukraine and is critical of the European ...,2024-01-30 08:58:36.245742
/watch?v=zlV9gSl0hkA&pp=ygUOVVMgYWlkIFVrcmFpbmU%3D,/@globalnews,Global News,US Senate Republicans block Ukraine aid bill,26K,1 month,Hours after U.S. President Joe Biden made a last-ditch plea for Congress to approve billions more dollars in military aid for ...,2024-01-30 08:58:36.247284
/watch?v=S5PQvX503v0&pp=ygUOVVMgYWlkIFVrcmFpbmU%3D,/@ForbesBreakingNews,Forbes Breaking News,State Department Spox: US Can Only Send Ukraine One More Aid Package Without Help From Congress,4.8K,1 month,State Department Spokesperson Matthew Miller held a press briefing on Tuesday where he was asked about aid for Ukraine.,2024-01-30 08:58:36.252307
/watch?v=lEfcaJvriR4&pp=ygUOVVMgYWlkIFVrcmFpbmU%3D,/@Firstpost,Firstpost,US to Stop Funding Ukraine's War Effort? | Vantage with Palki Sharma,294K,1 month,"US to Stop Funding Ukraine's War Effort? | Vantage with Palki Sharma The White House has warned that ""there is no money"" left ...",2024-01-30 08:58:36.254183
/shorts/auEIdfq2Cmk,/@BloombergQuicktake,Bloomberg Quicktake,Biden Asks Congress for $24 Billion More in Ukraine Aid,30K,5 months,President Joe Biden set up a clash with House Republicans by asking lawmakers to approve billions more dollars for Ukraine's ...,2024-01-30 08:58:36.255658
/shorts/IVLrILXgLFc,/@BloombergQuicktake,Bloomberg Quicktake,Putin: Ukraine Would Have 'One Week Left' If West Cut Off Aid,2M,3 months,"Russian President Vladimir Putin said on Thursday, October 5, that Ukraine would have a “week to live” if arms supplies from ...",2024-01-30 08:58:36.257274
/watch?v=giSwyJT0LVk&pp=ygUOVVMgYWlkIFVrcmFpbmU%3D,/@NBCNews,NBC News,Zelenskyy aide says Ukraine faces risk of losing war without more U.S. military aid,17K,1 month,"Ukrainian President Zelenskyy's top aide warned that without more U.S. military aid, Ukraine faces a “big risk” of losing the war.",2024-01-30 08:58:36.258766
/watch?v=uwG0bYYvEUE&pp=ygUXVVMgc2VuZHMgYWlkIHRvIFVrcmFpbmU%3D,/@wsj,The Wall Street Journal,Ukraine War Aid: Where Have U.S. Funds Gone and Why Has Support Stalled? | WSJ,306K,17 hours,The political stalemate in Washington is now impairing Ukraine's efforts to repel Russia's invasion. House Republicans say they ...,2024-01-30 08:58:54.033363
/watch?v=sU1EDwQQ-ns&pp=ygUXVVMgc2VuZHMgYWlkIHRvIFVrcmFpbmU%3D,/@CBCNews,CBC News,U.S. sends $250M in military aid to Ukraine,9.1K,1 month,The White House will send up to $250 million in arms and equipment to Ukraine in the U.S.'s final aid package this year to help ...,2024-01-30 08:58:54.036790
/watch?v=Y9PwN4aicsw&pp=ygUXVVMgc2VuZHMgYWlkIHRvIFVrcmFpbmU%3D,/@CNN,CNN,'A disaster': Retired colonel has warning if US stops sending aid to Ukraine,65K,3 months,Retired Col. Cedric Leighton breaks down what would happen if the US stopped sending financial aid to Ukraine in their fight ...,2024-01-30 08:58:54.039688
/watch?v=_vh-BJYneh0&pp=ygUXVVMgc2VuZHMgYWlkIHRvIFVrcmFpbmU%3D,/@UATVEnglish,UATV English,MORE U.S. Aid for Ukraine Will Be Approved Already in 2024,22K,3 weeks,The USA has been the largest donor of financial and military aid to Ukraine since 2022 when Russia tried to conquer the country ...,2024-01-30 08:58:54.043370
/watch?v=BhdiZ8vscjg&pp=ygUXVVMgc2VuZHMgYWlkIHRvIFVrcmFpbmU%3D,/@France24_en,FRANCE 24 English,Military aid to Ukraine: US already spent more than $43 billion in security assistance • FRANCE 24,9.3K,5 months,The United States and the EU have provided billions of euros in security funding for Ukraine since the war began. With Kyiv's ...,2024-01-30 08:58:54.047251
/watch?v=89PqkaZ7Aho&pp=ygUXVVMgc2VuZHMgYWlkIHRvIFVrcmFpbmU%3D,/@guardiannews,Guardian News,Kyiv comments on US budget omitting aid to Ukraine,28K,3 months,Kuleba told reporters in Kyiv: 'We don't feel that the US support has been shattered and we … because the United States ...,2024-01-30 08:58:54.050362
/watch?v=PHE_mKdwxhs&pp=ygUXVVMgc2VuZHMgYWlkIHRvIFVrcmFpbmU%3D,/@JakeBroe,Jake Broe,"Ukraine Military Aid ""Dead on Arrival"" According to Speaker Johnson",242K,1 day,"Russia is not going to be able to capture the Ukrainian city of Avdiivka prior to Putin's re-election in March, denying him any kind of ...",2024-01-30 08:58:54.053494
/watch?v=lA10HiusFZE&pp=ygUXVVMgc2VuZHMgYWlkIHRvIFVrcmFpbmU%3D,/@CBSMornings,CBS Mornings,U.S. sends $3 billion aid package to Ukraine,55K,1 year,The U.S. is sending its largest assistance package yet to aid Ukraine in its war with Russia. The $3 billion in direct aid to Ukraine ...,2024-01-30 08:58:54.056815
/watch?v=miqTw55sEgY&pp=ygUXVVMgc2VuZHMgYWlkIHRvIFVrcmFpbmU%3D,/@BBCNews,BBC News,US to send controversial weapons to Ukraine as part of $1bn aid package - BBC News,130K,4 months,The US has announced it will send controversial weapons to Ukraine as part of more than $1bn (£800m) in military and ...,2024-01-30 08:58:54.062997
/watch?v=k7QgMJoGYsQ&pp=ygUXVVMgc2VuZHMgYWlkIHRvIFVrcmFpbmU%3D,/@VOANews,Voice of America,US Sending $3B in Military Aid to Ukraine for ‘Long-Term Defense’,34K,1 year,"The US is sending a new tranche of military assistance to help Ukraine defend itself against Russia's invading force, a package ...",2024-01-30 08:58:54.069358
/watch?v=65ClGXn-rRY&pp=ygUXVVMgc2VuZHMgYWlkIHRvIFVrcmFpbmU%3D,/@dwnews,DW News,US approves 'final' military aid package to Ukraine | DW News,43K,1 month,"Ukrainian President Volodymyr Zelenskyy on Thursday thanked ""Joe Biden, Congress, and the American people"" for the latest ...",2024-01-30 08:58:54.073440
/watch?v=eCV38HJ7VXg&pp=ygUXVVMgc2VuZHMgYWlkIHRvIFVrcmFpbmU%3D,/@ABCNews,ABC News,US sending $400 million more in military aid to Ukraine,25K,1 year,The Biden administration has sent more than $7 billion since the war began and Ukraine is now receiving four more long-range ...,2024-01-30 08:58:54.076159
/watch?v=BV6sw7LBICY&pp=ygUXVVMgc2VuZHMgYWlkIHRvIFVrcmFpbmU%3D,/@CBSMornings,CBS Mornings,U.S. to send more military aid to Ukraine as counteroffensive makes slow progress,21K,7 months,"The Pentagon has announced $325 million more in military aid to Ukraine, as Kyiv continues to press its counteroffensive to ...",2024-01-30 08:58:54.078709
/watch?v=k6AdrJltVaE&pp=ygUXVVMgc2VuZHMgYWlkIHRvIFVrcmFpbmU%3D,/@CBSNews,CBS News,U.S. sending additional $700 million in military aid to Ukraine,124K,1 year,Russia is inching closer to capturing one of the largest cities still under Ukrainian control in the eastern Donbas region of Ukraine.,2024-01-30 08:58:54.081365
/watch?v=Bm7HfvWZiVE&pp=ygUXVVMgc2VuZHMgYWlkIHRvIFVrcmFpbmU%3D,/@latimes,Los Angeles Times,U.S. to send $3.75 billion in military aid to Ukraine,17K,1 year,The White House announced Friday a new $3.75-billion military assistance package to help Ukraine and its neighbors on NATO's ...,2024-01-30 08:58:54.084202
/watch?v=I77Py1RI6mM&pp=ygUXVVMgc2VuZHMgYWlkIHRvIFVrcmFpbmU%3D,/@CNBCtelevision,CNBC Television,U.S. aid to Ukraine sends message to allies 'we're there when you need us': Fmr. Sec. of the Army,1.2K,1 month,"Eric Fanning, Aerospace Industries Association CEO, Former Secretary of the Army, joins 'Closing Bell Overtime' to talk U.S. aid to ...",2024-01-30 08:58:54.086711
/watch?v=dOtoFqB2K8w&pp=ygUXVVMgc2VuZHMgYWlkIHRvIFVrcmFpbmU%3D,/@TODAY,TODAY,U.S. Sends Military Aid To Ukraine Amid Russian Invasion Tensions,377K,2 years,The U.S. has sent the first shipment of lethal military aid to Ukraine in an effort to support the country as it braces for war with ...,2024-01-30 08:59:02.815623
/watch?v=VHlRTxQvAu4&pp=ygUXVVMgc2VuZHMgYWlkIHRvIFVrcmFpbmU%3D,/@KTVUFox2,KTVU FOX 2 San Francisco,US announces aid package for Ukraine,20K,1 month,The Defense Department announced a security assistance package for Ukraine valued at up to $250 million. The package ...,2024-01-30 08:59:02.823016
/watch?v=aWvCyZvYECg&pp=ygUXVVMgc2VuZHMgYWlkIHRvIFVrcmFpbmU%3D,/@CBSEveningNews,CBS Evening News,U.S. to send another $400 million in aid to Ukraine,13K,1 year,"It has been nearly five months since the Russian invasion of Ukraine. On Saturday, Secretary of State Antony Blinken announced ...",2024-01-30 08:59:02.833652
/watch?v=hSjSlxck_tQ&pp=ygUXVVMgc2VuZHMgYWlkIHRvIFVrcmFpbmU%3D,/@ABCNews,ABC News,US to send more aid to Ukraine,61K,1 year,"President Joe Biden is expected to announce another $750 million in military aid to Ukraine, as the country prepares for a new ...",2024-01-30 08:59:02.836702
/watch?v=bwdv7hkYSLs&pp=ygUXVVMgc2VuZHMgYWlkIHRvIFVrcmFpbmU%3D,/@CBSNews,CBS News,U.S. sending additional $1 billion in weapons and aid to Ukraine,39K,1 year,President Biden is responding to Ukrainian President Volodymyr Zelenskyy's request for weapons with a $1 billion arms package ...,2024-01-30 08:59:02.846426
/watch?v=9HIvrlBTLvI&pp=ygUXVVMgc2VuZHMgYWlkIHRvIFVrcmFpbmU%3D,/@CityNews,CityNews,U.S. sending $1 billion more in aid to Ukraine,5K,1 year,The U.S. is sending another $1 billion in military aid to Ukraine. Melissa Duggan on the big boosts coming from the West.,2024-01-30 08:59:02.850122
/watch?v=lu9jKxoB_ig&pp=ygUXVVMgc2VuZHMgYWlkIHRvIFVrcmFpbmU%3D,/@CBSNews,CBS News,"Most Americans support sending aid to Ukraine, CBS News poll finds",3.4K,4 months,"The Biden administration is sending more security assistance for Ukraine, including more air defense equipment and anti-tank ...",2024-01-30 08:59:02.853939
/watch?v=HhDmK6vJWic&pp=ygUXVVMgc2VuZHMgYWlkIHRvIFVrcmFpbmU%3D,/@BloombergQuicktake,Bloomberg Quicktake,US to Send $400 Million in More Military Aid to Ukraine,2.1K,1 year,The U.S. is sending Ukraine $400 million more in military aid and establishing a security assistance headquarters in Germany that ...,2024-01-30 08:59:02.864391
/watch?v=EBdtZRmB0n4&pp=ygUXVVMgc2VuZHMgYWlkIHRvIFVrcmFpbmU%3D,/@VICENews,VICE News,Should the US Send Lethal Aid to Ukraine?,742K,8 years,"This week, the United States delivered a shipment 10 Humvees to the Ukrainian government — the first installment of a $75 ...",2024-01-30 08:59:02.872335
/watch?v=1M3HTFc0A3g&pp=ygUXVVMgc2VuZHMgYWlkIHRvIFVrcmFpbmU%3D,/@CBS17,CBS 17,"US sending $800 million in weapons, defense aid to Ukraine",16K,1 year,The Biden administration is sending more weaponry to soldiers in Ukraine.,2024-01-30 08:59:02.877018
/watch?v=ITeI0kdQFYg&pp=ygUXVVMgc2VuZHMgYWlkIHRvIFVrcmFpbmU%3D,/@BBCNews,BBC News,US to send Ukraine longer-range rockets in latest aid package – BBC News,533K,1 year,"The US will send Ukraine more advanced rocket systems to help it defend itself, President Joe Biden has announced.",2024-01-30 08:59:02.885709
/watch?v=U6rJ6wpokG0&pp=ygUXVVMgc2VuZHMgYWlkIHRvIFVrcmFpbmU%3D,/@Wfaa8,WFAA,US sending another $400 million in military aid to Ukraine,6.9K,1 year,The latest aid is the 15th package of military weapons and equipment transferred to Ukraine from Defense Department stocks ...,2024-01-30 08:59:02.891801
/watch?v=kv5_kfpt_90&pp=ygUXVVMgc2VuZHMgYWlkIHRvIFVrcmFpbmU%3D,/@CBSNews,CBS News,U.S. sending more military aid to Ukraine as major new battle with Russia looms,58K,1 year,The U.S. is sending another $800 million worth of military aid to Ukraine. CBS News national security correspondent David Martin ...,2024-01-30 08:59:02.901974
/watch?v=hpdVc1Wxlaw&pp=ygUXVVMgc2VuZHMgYWlkIHRvIFVrcmFpbmU%3D,/@CBSNews,CBS News,Biden announces U.S. will send additional $800 million in military aid to Ukraine,61K,1 year,President Biden announced the U.S. will be sending an additional $800 million in military aid to Ukraine. CBS News chief White ...,2024-01-30 08:59:02.906064
/watch?v=Np7yPAtP5Os&pp=ygUXVVMgc2VuZHMgYWlkIHRvIFVrcmFpbmU%3D,/@msnbc,MSNBC,U.S. Sends More Military Aid To Country Putin's Depravity In Ukraine,109K,1 year,"Mehdi Hasan rounds up reporting on the state of Russian's invasion of Ukraine, including the discovery of more mass graves of ...",2024-01-30 08:59:02.916526
/watch?v=mp6iDGNGzEk&pp=ygUXVVMgc2VuZHMgYWlkIHRvIFVrcmFpbmU%3D,/@VOANews,Voice of America,US Sending More Military Aid to Ukraine,15K,1 year,"Voice of America (VOA) is the largest U.S. international broadcaster, providing news and information in more than 40 languages ...",2024-01-30 08:59:02.920929
/watch?v=w0Jh-tVSLEU&pp=ygUXVVMgc2VuZHMgYWlkIHRvIFVrcmFpbmU%3D,/@abcnewsaustralia,ABC News (Australia),"US to send an additional $1 billion of aid to Ukraine, after heartfelt Zelenskyy address | The World",3.3K,1 year,"Ukrainian President Volodymyr Zelenskyy has pleaded with the U-S government to enforce tougher sanctions on Russia, as he ...",2024-01-30 08:59:02.932484
/watch?v=yD0HbtE0ON8&pp=ygUXVVMgc2VuZHMgYWlkIHRvIFVrcmFpbmU%3D,/@NBCNews,NBC News,"Zelenskyy urges senators, Biden to send additional aid to Ukraine",4.8K,4 months,"Ukrainian President Zelenskyy met with senators and President Biden in Washington, detailing the stakes of his country's fight ...",2024-01-30 08:59:02.936267
/watch?v=kJCJ6YEBw-4&pp=ygUXVVMgc2VuZHMgYWlkIHRvIFVrcmFpbmU%3D,/@NewsNation,NewsNation,US provides Ukraine with $2.6 billion in military aid | Morning in America,602,9 months,The U.S. will send Ukraine about $500 million in ammunition and equipment and spend more than $2 billion to buy an array of ...,2024-01-30 08:59:02.947517
/watch?v=Zano8X_jenQ&pp=ygUXVVMgc2VuZHMgYWlkIHRvIFVrcmFpbmU%3D,/@CBSNews,CBS News,U.S. sends $800M in military aid to Ukraine,63K,1 year,More heavy artillery is making its way to Ukraine after President Biden signed $800M of more aid to the country. Retired U.S. Army ...,2024-01-30 08:59:02.952472
/watch?v=_Lu0SEmDQ8c&pp=ygUXVVMgc2VuZHMgYWlkIHRvIFVrcmFpbmU%3D,/@CNN,CNN,This is how much its costing the US to aid Ukraine and Israel,45K,3 months,CNN's Tom Foreman breaks down how much aid the US has sent to Ukraine and Israel and how Americans feel about the cost of ...,2024-01-30 08:59:10.609049
/watch?v=-uCaTFDg9PQ&pp=ygUXVVMgc2VuZHMgYWlkIHRvIFVrcmFpbmU%3D,/@TheMilitaryShow,The Military Show,What If US Stopped Giving Aid To Ukraine,35K,3 weeks,Explore the potential consequences if the U.S. Congress decides to halt the $113 billion aid packages to Ukraine amid the ...,2024-01-30 08:59:10.614818
/watch?v=byAkxgg3pQs&pp=ygUXVVMgc2VuZHMgYWlkIHRvIFVrcmFpbmU%3D,/@CNBCtelevision,CNBC Television,U.S. and Germany to send more military aid to Ukraine,31K,1 year,Sky News' Deborah Haynes joins Tyler Mathisen and 'The News with Shepard Smith' to report on the situation in northeastern ...,2024-01-30 08:59:10.618241
/watch?v=FaZaU9TOySU&pp=ygUXVVMgc2VuZHMgYWlkIHRvIFVrcmFpbmU%3D,/@latimes,Los Angeles Times,U.S. is sending an additional $400 million in military aid to Ukraine,6.9K,1 year,"A senior defense official says the U.S. will send another $400 million in military equipment to Ukraine, including four more ...",2024-01-30 08:59:10.623178
/watch?v=l8W1nMkqX3g&pp=ygUXVVMgc2VuZHMgYWlkIHRvIFVrcmFpbmU%3D,/@NewsNation,NewsNation,U.S. sending military aid to Ukraine | Morning in America,16K,1 year,"Start your day with Morning in America, NewsNation's live three-hour national morning newscast hosted by Adrienne Bankert.",2024-01-30 08:59:10.626676
/watch?v=aLj36RO46zg&pp=ygUXVVMgc2VuZHMgYWlkIHRvIFVrcmFpbmU%3D,/@SkyNews,Sky News,Ukraine war: US donates over 1 million rounds of ammunition,62K,3 months,"US has transferred over 1 million rounds of ammunition which were seized from Iran, to Ukrainian armed forces, the country's ...",2024-01-30 08:59:10.629945
/watch?v=dxeHp_hf4g8&pp=ygUXVVMgc2VuZHMgYWlkIHRvIFVrcmFpbmU%3D,/@CBSNews,CBS News,"Zelenskyy says Ukraine ready for NATO, U.S. to send another $300 million in aid",9.3K,7 months,Ukrainian President Volodymyr Zelenskyy said his country is ready to join NATO as he arrived at a summit of European leaders in ...,2024-01-30 08:59:10.633371
/watch?v=9Ums7zDYvak&pp=ygUXVVMgc2VuZHMgYWlkIHRvIFVrcmFpbmU%3D,/@PBSNewsHour,PBS NewsHour,News Wrap: U.S. to send another $1 billion in aid to Ukraine,7.1K,1 year,"In our news wrap Monday, the U.S. is sending $1 billion in military aid to Ukraine as Ukrainians warn the Zaporizhzhia nuclear ...",2024-01-30 08:59:10.636844
/watch?v=vDhvqqNXrUI&pp=ygUXVVMgc2VuZHMgYWlkIHRvIFVrcmFpbmU%3D,/@ClickOnDetroitLocal4WDIV,Click On Detroit | Local 4 | WDIV,"Ukraine latest: US sending military, economic aid to Ukraine amid war",3.6K,1 year,U.S. President Joe Biden is sending more aid to Ukraine's military to help prepare the country for more attacks from Russian ...,2024-01-30 08:59:10.640026
/watch?v=Yt1nFeN9fAg&pp=ygUXVVMgc2VuZHMgYWlkIHRvIFVrcmFpbmU%3D,/@UATVEnglish,UATV English,Military aid to Ukraine: why it is a Win-Win for the U.S.,3.3K,3 months,"Since 2022, most of the Russian military, political, and economic power has been directed against the sovereign state of Ukraine.",2024-01-30 08:59:10.644008
/watch?v=qAdoReNV9yY&pp=ygUXVVMgc2VuZHMgYWlkIHRvIFVrcmFpbmU%3D,/@VOANews,Voice of America,US Announces $1.2 Billion More in Military Aid to Ukraine | VOANews,51K,8 months,U.S. Secretary of State Antony Blinken said Tuesday that Washington is looking to cooperate with China to “solve big challenges.,2024-01-30 08:59:10.645922
/watch?v=QHvHMx0xzPo&pp=ygUXVVMgc2VuZHMgYWlkIHRvIFVrcmFpbmU%3D,/@CNN,CNN,See how US weapons are helping Ukraine's army,2.1M,1 year,"After Volodomyr Zelensky's US Congress address, President Joe Biden announced an additional $800 million in in new security ...",2024-01-30 08:59:10.647730
/watch?v=55C2f1kMiD4&pp=ygUXVVMgc2VuZHMgYWlkIHRvIFVrcmFpbmU%3D,/@SkyNews,Sky News,Ukraine War: US sends clear message to Russia by ramping up aid pledges,120K,11 months,"The US president has visited Ukraine ahead of the first anniversary of the war, becoming the latest in a series of Western allies to ...",2024-01-30 08:59:10.650181
/watch?v=x2DBDNdyjqQ&pp=ygUXVVMgc2VuZHMgYWlkIHRvIFVrcmFpbmU%3D,/@WPRI,WPRI,VIDEO NOW: US to send $400 million more to Ukraine in military aid,2K,1 year,The U.S. is sending Ukraine $400 million more in military aid and establishing a security assistance headquarters in Germany that ...,2024-01-30 08:59:10.654071
/watch?v=v9vPjNS1Uf8&pp=ygUXVVMgc2VuZHMgYWlkIHRvIFVrcmFpbmU%3D,/@CBSNews,CBS News,Blinken: U.S. to send $1 billion in new aid to Ukraine,11K,7 months,Secretary of State Antony Blinken said Wednesday at the Ukraine Recovery Conference in London the U.S. will send more than ...,2024-01-30 08:59:10.657623
/watch?v=4Srn6NI83hk&pp=ygUXVVMgc2VuZHMgYWlkIHRvIFVrcmFpbmU%3D,/@inquirerdotnet,INQUIRER.net,U.S. to send Ukraine $800 million more in military aid,5.8K,1 year,"U.S. President Joe Biden's administration on Wednesday announced an additional $800 million in military assistance to Ukraine, ...",2024-01-30 08:59:10.662136
/watch?v=UXCi-0Q1JqQ&pp=ygUXVVMgc2VuZHMgYWlkIHRvIFVrcmFpbmU%3D,/@NBCNews,NBC News,Why U.S. Aid Is So Important To Ukraine | NBC News Now,4.6K,4 years,"NBC News Digital is a collection of innovative and powerful news brands that deliver compelling, diverse and engaging news ...",2024-01-30 08:59:10.664300
/watch?v=EymahLfNE-Y&pp=ygUXVVMgc2VuZHMgYWlkIHRvIFVrcmFpbmU%3D,/@euronews,euronews,US sends first shipment of military aid to Ukraine amid standoff with Russia,3.5K,2 years,"The US embassy in Kyiv tweeted photos of a consignment it said had just arrived from the US, with ""close to 200000 pounds of ...",2024-01-30 08:59:10.666898
/watch?v=gcGRM5y5OQM&pp=ygUXVVMgc2VuZHMgYWlkIHRvIFVrcmFpbmU%3D,/@euronews,euronews,US to send €3.5 billion in military aid to Ukraine and its neighbours,3.9K,1 year,The US will send €3.5 billion in military weapons and other aid to Ukraine and its neighbours on NATO's eastern flank. Germany ...,2024-01-30 08:59:10.670535
/shorts/-nLQ6pTH5yk,/@verifythis,VERIFY,Here's what #Biden said about #Ukrainian pensions and U.S. aid: #shorts #ukraine #politics #money,23K,11 months,"Yes, President Biden did say some U.S. aid to Ukraine could go toward supporting Ukrainian pensions. He didn't say it recently, ...",2024-01-30 08:59:10.673451
/watch?v=VMiPGvSxAis&pp=ygUXVVMgc2VuZHMgYWlkIHRvIFVrcmFpbmU%3D,/@NBCNews,NBC News,Why The U.S. Is Giving Millions To Ukraine | NBC News Now,22K,4 years,President Trump says his reasons for withholding almost $400 million of aid to Ukraine were because he wanted other countries ...,2024-01-30 08:59:21.684394
/watch?v=aqvAxGurf7M&pp=ygUXVVMgc2VuZHMgYWlkIHRvIFVrcmFpbmU%3D,/@Binkov,Binkov's Battlegrounds,A comprehensive list of US military aid to Ukraine analyzed. Which weapons helped the most? Part 2/2,73K,2 months,00:00 - Video introduction 00:39 - Aircraft and UAS 06:51 - Anti-armor and Small Arms 10:33 - Maritime 15:00 -Top 5 most ...,2024-01-30 08:59:21.689860
/watch?v=5IIMD51h27Y&pp=ygUXVVMgc2VuZHMgYWlkIHRvIFVrcmFpbmU%3D,/@PrestonStewart,Preston Stewart ,What happens if aid to Ukraine stops,36K,4 months,#ukrainewar #military #ukraine #russia #ukrainerussia #russiaukraine #nato.,2024-01-30 08:59:21.693427
/watch?v=5tjV4RkBEwE&pp=ygUXVVMgc2VuZHMgYWlkIHRvIFVrcmFpbmU%3D,/@Vox,Vox,How Western weapons transformed the war in Ukraine,2.7M,10 months,"And how the US influences which weapons they get, and which ones they don't. Subscribe and turn on notifications so you ...",2024-01-30 08:59:21.696690
/shorts/xuzV2ZpQZ84,/@KQEDnews,KQED News,Is It Time To STOP Sending Money to Ukraine?,4.6K,11 months,"Ukraine has become far and away the top recipient of U.S. foreign aid, according to the Council on Foreign Relations. It's the first ...",2024-01-30 08:59:21.700323
/watch?v=a988QJx15tc&pp=ygUXVVMgc2VuZHMgYWlkIHRvIFVrcmFpbmU%3D,/@ABCNews,ABC News,US announces $400M in new military aid to Ukraine | WNT,15K,10 months,"U.S. Attorney General Merrick Garland made a surprise visit to Ukraine, promising to hold Russia accountable for war crimes.",2024-01-30 08:59:21.703615
/watch?v=S5PQvX503v0&pp=ygUXVVMgc2VuZHMgYWlkIHRvIFVrcmFpbmU%3D,/@ForbesBreakingNews,Forbes Breaking News,State Department Spox: US Can Only Send Ukraine One More Aid Package Without Help From Congress,4.8K,1 month,State Department Spokesperson Matthew Miller held a press briefing on Tuesday where he was asked about aid for Ukraine.,2024-01-30 08:59:21.707248
/watch?v=zlV9gSl0hkA&pp=ygUXVVMgc2VuZHMgYWlkIHRvIFVrcmFpbmU%3D,/@globalnews,Global News,US Senate Republicans block Ukraine aid bill,26K,1 month,Hours after U.S. President Joe Biden made a last-ditch plea for Congress to approve billions more dollars in military aid for ...,2024-01-30 08:59:21.710897
/watch?v=afS2WBd9vI4&pp=ygUXVVMgc2VuZHMgYWlkIHRvIFVrcmFpbmU%3D,/@NewsNation,NewsNation,US sending $2.6 billion in aid to Ukraine | NewsNation Live ,695,9 months,"Ahead of an expected spring offensive by Russian troops, the White House announced Tuesday it is sending a $2.6 billion aid ...",2024-01-30 08:59:21.714710
/shorts/cKJ4tFIDQ-8,/@BloombergQuicktake,Bloomberg Quicktake,US to Send $1 Billion More in Military Aid to Ukraine: Austin,3.2K,1 year,President Joe Biden called Ukraine President Volodymyr Zelenskiy and vowed to provide an additional $1 billion in security ...,2024-01-30 08:59:21.718295
/watch?v=24P4FQVVZYE&pp=ygUXVVMgc2VuZHMgYWlkIHRvIFVrcmFpbmU%3D,/@CBSNews,CBS News,Biden announces $325 million aid package for Ukraine,62K,4 months,"Ukrainian President Volodymyr Zelenskyy traveled to Washington, D.C., this week to rally the U.S. and its allies to continue ...",2024-01-30 08:59:21.721669
/watch?v=Hp_lxWGhiRE&pp=ygUXVVMgc2VuZHMgYWlkIHRvIFVrcmFpbmU%3D,/@aljazeeraenglish,Al Jazeera English,The US sends seized Iranian weapons to Ukraine,23K,3 months,The United States says it has transferred 1.1 million rounds of ammunition to Ukraine that were seized from Iran by the US Navy ...,2024-01-30 08:59:21.725037
/shorts/9prq1R6rO5o,/@FoxBusiness,Fox Business,"US wants to support Ukraine, but at what cost?, Carter asks #shorts",11K,1 year,'Mornings with Maria' panelist Lee Carter on the U.S. preparing to send Ukraine additional aid amid their war with Russia.,2024-01-30 08:59:21.728595
/watch?v=qL7G_sRN7jo&pp=ygUXVVMgc2VuZHMgYWlkIHRvIFVrcmFpbmU%3D,/@HT-Videos,Hindustan Times,U.S. to stop free military aid to Ukraine? Pentagon official hints at charging Zelensky for weapons,183K,10 months,"The United States has been aiding Kyiv with arms and ammunition since the beginning of the war. Now, a top Pentagon official ...",2024-01-30 08:59:21.731806
/watch?v=ldd5eazJkGg&pp=ygUXVVMgc2VuZHMgYWlkIHRvIFVrcmFpbmU%3D,/@ABCNews,ABC News,Biden urges Congress to give more aid to Ukraine,46K,3 months,The President's statement comes after stopgap U.S. spending bill stripped $6 billion in Ukraine funding. WATCH THE FULL ...,2024-01-30 08:59:21.735075
/watch?v=4wgq9WB9GrE&pp=ygUXVVMgc2VuZHMgYWlkIHRvIFVrcmFpbmU%3D,/@ArirangCoKrArirangNEWS,Arirang News,U.S. to send more military aid to Ukraine in coming days,453,1 year,"우크라 반격에 고무된 美 '수일 내 추가 군사지원' The White House says it'll continue sending aid to Ukraine,... citing the success of ...",2024-01-30 08:59:21.738658
/watch?v=Go52eObosuU&pp=ygUXVVMgc2VuZHMgYWlkIHRvIFVrcmFpbmU%3D,/@13WMAZ,13WMAZ,White House warns 'we are out of money' to help Ukraine fight against Russia,45K,1 month,(ASSOCIATED PRESS) The Biden administration on Monday sent Congress an urgent warning about the need to approve tens of ...,2024-01-30 08:59:21.742078
/watch?v=A5ktkOSz9Dw&pp=ygUXVVMgc2VuZHMgYWlkIHRvIFVrcmFpbmU%3D,/@ABCNews,ABC News,US announces additional military assistance to Ukraine,181K,1 year,A $725 million package includes military vehicles and ammunition for HIMARS rockets systems as Ukrainian forces continue to ...,2024-01-30 08:59:21.746447
/watch?v=jt9oTxd5zBg&pp=ygUXVVMgc2VuZHMgYWlkIHRvIFVrcmFpbmU%3D,/@TheManilaBulletin,Manila Bulletin Online,Biden says the US will continue to send military aid to Ukraine,1.4K,1 year,"The United States will continue to send military aid to Ukraine because Russian President Vladimir Putin ""can't seize his ...",2024-01-30 08:59:21.749980
/watch?v=mgWZdXl3IoA&pp=ygUXVVMgc2VuZHMgYWlkIHRvIFVrcmFpbmU%3D,/@9news,9NEWS,More aid from US shipped to Ukraine in war against Russia,3.9K,1 month,"The Biden administration announced a $250 million military assistance package for the country. The package includes weapons, ...",2024-01-30 08:59:21.753329
/watch?v=uwG0bYYvEUE&pp=ygUZVW5pdGVkIFN0YXRlcyBhaWQgVWtyYWluZQ%3D%3D,/@wsj,The Wall Street Journal,Ukraine War Aid: Where Have U.S. Funds Gone and Why Has Support Stalled? | WSJ,308K,17 hours,The political stalemate in Washington is now impairing Ukraine's efforts to repel Russia's invasion. House Republicans say they ...,2024-01-30 08:59:29.664734
/watch?v=_vh-BJYneh0&pp=ygUZVW5pdGVkIFN0YXRlcyBhaWQgVWtyYWluZQ%3D%3D,/@UATVEnglish,UATV English,MORE U.S. Aid for Ukraine Will Be Approved Already in 2024,22K,3 weeks,The USA has been the largest donor of financial and military aid to Ukraine since 2022 when Russia tried to conquer the country ...,2024-01-30 08:59:29.668668
/watch?v=65ClGXn-rRY&pp=ygUZVW5pdGVkIFN0YXRlcyBhaWQgVWtyYWluZQ%3D%3D,/@dwnews,DW News,US approves 'final' military aid package to Ukraine | DW News,43K,1 month,"Ukrainian President Volodymyr Zelenskyy on Thursday thanked ""Joe Biden, Congress, and the American people"" for the latest ...",2024-01-30 08:59:29.672717
/watch?v=Ozdz3JHx_VM&pp=ygUZVW5pdGVkIFN0YXRlcyBhaWQgVWtyYWluZQ%3D%3D,/@CBSNews,CBS News,Biden announces final Ukraine aid package of 2023,81K,1 month,The Biden administration announced an additional $250 million in military aid for Ukraine on Wednesday. CBS News ...,2024-01-30 08:59:37.657351
/watch?v=ge6ZJ3ngO00&pp=ygUZVW5pdGVkIFN0YXRlcyBhaWQgVWtyYWluZQ%3D%3D,/@ZeihanonGeopolitics,Zeihan on Geopolitics,US Congress Dysfunction: Blocking Aid to Ukraine || Peter Zeihan,227K,22 hours,We are taking a question from the 'Ask Peter' forum today - am I worried about Ukraine's dwindling weapon's supplies in light of ...,2024-01-30 08:59:37.664109
/watch?v=BhdiZ8vscjg&pp=ygUZVW5pdGVkIFN0YXRlcyBhaWQgVWtyYWluZQ%3D%3D,/@France24_en,FRANCE 24 English,Military aid to Ukraine: US already spent more than $43 billion in security assistance • FRANCE 24,9.3K,5 months,The United States and the EU have provided billions of euros in security funding for Ukraine since the war began. With Kyiv's ...,2024-01-30 08:59:37.673926
/watch?v=JEPQRqSF-DM&pp=ygUZVW5pdGVkIFN0YXRlcyBhaWQgVWtyYWluZQ%3D%3D,/@CBSNews,CBS News,Ukraine faces Russian attacks as U.S. aid stalls in Congress,129K,3 weeks,"Ukraine says a Russian attack on two of its largest cities has left four people dead. George Beebe, director of grand strategy at the ...",2024-01-30 08:59:37.676597
/watch?v=Vkamgm8y7CU&pp=ygUZVW5pdGVkIFN0YXRlcyBhaWQgVWtyYWluZQ%3D%3D,/@BBCNews,BBC News,US Republicans block Ukraine and Israel aid bill - BBC News,286K,1 month,US Senate Republicans have blocked a move to pass an aid bill for Ukraine after failing to secure border compromises they ...,2024-01-30 08:59:37.680201
/watch?v=sU1EDwQQ-ns&pp=ygUZVW5pdGVkIFN0YXRlcyBhaWQgVWtyYWluZQ%3D%3D,/@CBCNews,CBC News,U.S. sends $250M in military aid to Ukraine,9.1K,1 month,The White House will send up to $250 million in arms and equipment to Ukraine in the U.S.'s final aid package this year to help ...,2024-01-30 08:59:37.696047
/watch?v=b8gb0-UvDsw&pp=ygUZVW5pdGVkIFN0YXRlcyBhaWQgVWtyYWluZQ%3D%3D,/@CNN,CNN,US searches for ways to keep aid flowing to Ukraine before funding runs out,65K,3 months,The US will transfer thousands of seized Iranian weapons and rounds of ammunition to Ukraine. The move could help to alleviate ...,2024-01-30 08:59:37.699299
/watch?v=uGEjKkOSnZY&pp=ygUZVW5pdGVkIFN0YXRlcyBhaWQgVWtyYWluZQ%3D%3D,/@thehill,The Hill,US Aid to Ukraine IS OVER: Zelensky Visits Davos World Economic Forum to BEG for More Money: Rising,125K,13 days,Briahna Joy Gray and Robby Soave discuss updates on the Ukraine-Russia War. #Zelenksy About Rising: Rising is a weekday ...,2024-01-30 08:59:37.714106
/watch?v=RXQYtuXAjzI&pp=ygUZVW5pdGVkIFN0YXRlcyBhaWQgVWtyYWluZQ%3D%3D,/@NBCNews,NBC News,"U.S. aid to Ukraine being stalled by domestic politics is ‘disturbing,’ says Ukrainian MP",9.8K,4 weeks,"Hours before the new year, Russia launched a record 90 drones into Ukraine. Ukrainian member of Parliament Kira Rudik ...",2024-01-30 08:59:37.718145
/watch?v=Ziiznv8_z5E&pp=ygUZVW5pdGVkIFN0YXRlcyBhaWQgVWtyYWluZQ%3D%3D,/@PBSNewsHour,PBS NewsHour,Former NATO chief on what's at stake as U.S. debates military aid for Ukraine,44K,12 days,Critical U.S. aid to Ukraine is still being held up in ongoing negotiations between Congress and the White House over funding for ...,2024-01-30 08:59:37.721257
/watch?v=JeM5a0PPkhU&pp=ygUZVW5pdGVkIFN0YXRlcyBhaWQgVWtyYWluZQ%3D%3D,/@CBSNews,CBS News,What happens if U.S. aid to Ukraine runs out?,67K,1 month,"The White House has warned Congress that the U.S. is running out of money for Ukraine. Connor O'Brien, defense reporter for ...",2024-01-30 08:59:37.734208
/watch?v=PHE_mKdwxhs&pp=ygUZVW5pdGVkIFN0YXRlcyBhaWQgVWtyYWluZQ%3D%3D,/@JakeBroe,Jake Broe,"Ukraine Military Aid ""Dead on Arrival"" According to Speaker Johnson",242K,1 day,"Russia is not going to be able to capture the Ukrainian city of Avdiivka prior to Putin's re-election in March, denying him any kind of ...",2024-01-30 08:59:37.736943
/watch?v=ud0OVHxNOF0&pp=ygUZVW5pdGVkIFN0YXRlcyBhaWQgVWtyYWluZQ%3D%3D,/@BBCNews,BBC News,Ukraine's Zelensky facing US political deadlock over aid | BBC News,110K,1 month,Volodymyr Zelensky's third visit to Washington on Tuesday was a last-ditch effort to win new military aid from Congress before the ...,2024-01-30 08:59:37.739523
/watch?v=kvsg2VIQDMA&pp=ygUZVW5pdGVkIFN0YXRlcyBhaWQgVWtyYWluZQ%3D%3D,/@thehill,The Hill,U.S. Cash for Ukraine DRIES UP as Zelensky Hits Davos for ANOTHER CHECK: Rising Reacts,64K,8 days,About Rising: Rising is a weekday morning show with bipartisan hosts that breaks the mold of morning TV by taking viewers ...,2024-01-30 08:59:37.749939
/watch?v=_Lu0SEmDQ8c&pp=ygUZVW5pdGVkIFN0YXRlcyBhaWQgVWtyYWluZQ%3D%3D,/@CNN,CNN,This is how much its costing the US to aid Ukraine and Israel,45K,3 months,CNN's Tom Foreman breaks down how much aid the US has sent to Ukraine and Israel and how Americans feel about the cost of ...,2024-01-30 08:59:45.250498
/watch?v=CKooArXhs1k&pp=ygUZVW5pdGVkIFN0YXRlcyBhaWQgVWtyYWluZQ%3D%3D,/@CBSEveningNews,CBS Evening News,"Senate Republicans block Ukraine, Israel aid bill",158K,1 month,"A Senate bill that would provide more than $100 billion in aid, primarily to Israel and Ukraine, was blocked by Republicans, who ...",2024-01-30 08:59:45.252987
/watch?v=5teCc335kcs&pp=ygUZVW5pdGVkIFN0YXRlcyBhaWQgVWtyYWluZQ%3D%3D,/@CNN,CNN,Why NATO chief is counting on Congress to re-up Ukraine military aid,135K,1 month,CNN's Christiane Amanpour speaks with NATO chief Jens Stoltenberg about the future of NATO and Ukraine's war with Russia ...,2024-01-30 08:59:45.255415
/watch?v=EOrAxES0cVE&pp=ygUZVW5pdGVkIFN0YXRlcyBhaWQgVWtyYWluZQ%3D%3D,/@msnbc,MSNBC,U.S. reliability on global stage imperiled as GOP plays politics with Ukraine aid,40K,3 weeks,"Lt. Col. Alexander Vindman, former director for European affairs for the U.S. National Security Council, and Ben Rhodes, former ...",2024-01-30 08:59:45.257446
/watch?v=Z7GVmNN7kq0&pp=ygUZVW5pdGVkIFN0YXRlcyBhaWQgVWtyYWluZQ%3D%3D,/@BBCNews,BBC News,Why is Western aid to Ukraine falling? - BBC News,187K,1 month,Commitments of aid to Ukraine are at the lowest since the invasion by Russia began. The country has been relying on Western ...,2024-01-30 08:59:45.258988
/watch?v=4fgp6De3aB4&pp=ygUZVW5pdGVkIFN0YXRlcyBhaWQgVWtyYWluZQ%3D%3D,/@NBCNews,NBC News,Ukraine asking for more fighters as fight over more aid from U.S. continues,98K,1 month,Ukrainian President Volodymyr Zelenskyy reveals the army needs nearly 500000 people to mobilize for fighting before U.S. aid ...,2024-01-30 08:59:45.261412
/watch?v=G8UjlXJStB8&pp=ygUZVW5pdGVkIFN0YXRlcyBhaWQgVWtyYWluZQ%3D%3D,/@SkyNews,Sky News,Can Zelenskyy win more military aid from the US? | Ukraine war,175K,1 month,Military analyst Professor Michael Clarke analyses the prospects for Volodymyr Zelenskyy's visit to the US to seek further military ...,2024-01-30 08:59:45.264446
/watch?v=64pnI2LDjXc&pp=ygUZVW5pdGVkIFN0YXRlcyBhaWQgVWtyYWluZQ%3D%3D,/@dwnews,DW News,US and EU struggle to keep funding Ukraine war | DW News,76K,4 weeks,Ukraine's most important allies are facing limited political room to maneuver. The European Union has failed to come up with a ...,2024-01-30 08:59:45.266277
/watch?v=WPm6PNJFRpA&pp=ygUZVW5pdGVkIFN0YXRlcyBhaWQgVWtyYWluZQ%3D%3D,/@FoxBusiness,Fox Business,Polish president details Ukraine's fate if US stops sending aid amid war with Russia,45K,10 days,"Poland President Andrzej Duda discusses the impact of the Ukraine war on Poland, its economy and the political conflict taking ...",2024-01-30 08:59:45.268065
/watch?v=jj8BB-quFnw&pp=ygUZVW5pdGVkIFN0YXRlcyBhaWQgVWtyYWluZQ%3D%3D,/@msnbc,MSNBC,Zelenskyy makes pitch to Republicans for Ukraine military aid,120K,1 month,President Zelenskyy visited Capitol Hill to urge Congress to approve military aid to Ukraine. Funding is still tied up over stalled ...,2024-01-30 08:59:45.269896
/watch?v=lqYDuY4bQug&pp=ygUZVW5pdGVkIFN0YXRlcyBhaWQgVWtyYWluZQ%3D%3D,/@dwnews,DW News,"US Senate Republicans block military aid for Israel, Ukraine and Taiwan | DW News",72K,1 month,US Republican senators have blocked a bill aimed at providing billions of dollars of military aid to Ukraine and Israel. They insist ...,2024-01-30 08:59:45.271559
/watch?v=giSwyJT0LVk&pp=ygUZVW5pdGVkIFN0YXRlcyBhaWQgVWtyYWluZQ%3D%3D,/@NBCNews,NBC News,Zelenskyy aide says Ukraine faces risk of losing war without more U.S. military aid,17K,1 month,"Ukrainian President Zelenskyy's top aide warned that without more U.S. military aid, Ukraine faces a “big risk” of losing the war.",2024-01-30 08:59:45.273117
/watch?v=qcPbr87NujU&pp=ygUZVW5pdGVkIFN0YXRlcyBhaWQgVWtyYWluZQ%3D%3D,/@CBSChicago,CBS Chicago,U.S. aid to Ukraine running out without action from Congress,6.4K,1 month,"The White House says Ukraine is getting one more aid package this month, but after that help isn't coming unless Congress acts.",2024-01-30 08:59:45.274700
/watch?v=_tBHGm065W4&pp=ygUZVW5pdGVkIFN0YXRlcyBhaWQgVWtyYWluZQ%3D%3D,/@CBSNews,CBS News,Ukraine aid dropped from bill to avert government shutdown,39K,3 months,Funding for Ukraine was noticeably absent from the bipartisan bill passed by Congress Saturday night that will keep the ...,2024-01-30 08:59:45.277214
/watch?v=zGKE3aaz1kQ&pp=ygUZVW5pdGVkIFN0YXRlcyBhaWQgVWtyYWluZQ%3D%3D,/@CNN,CNN,Ukraine turns to cheaper drones as US aid stalls,82K,1 month,"CNN's Nick Paton Walsh reports from Kherson, Ukraine, as soldiers are forced to get creative and use cheaper, one-way drones ...",2024-01-30 08:59:45.278847
/watch?v=89PqkaZ7Aho&pp=ygUZVW5pdGVkIFN0YXRlcyBhaWQgVWtyYWluZQ%3D%3D,/@guardiannews,Guardian News,Kyiv comments on US budget omitting aid to Ukraine,28K,3 months,Kuleba told reporters in Kyiv: 'We don't feel that the US support has been shattered and we … because the United States ...,2024-01-30 08:59:45.280755
/watch?v=l00dLXooMvY&pp=ygUZVW5pdGVkIFN0YXRlcyBhaWQgVWtyYWluZQ%3D%3D,/@BBCNews,BBC News,Ukraine war: Zelensky arrives in US in bid to rescue $60bn military aid | BBC News,116K,1 month,Ukrainian President Volodymyr Zelensky has arrived in Washington DC to try to rescue an imperilled US defence package to Kyiv ...,2024-01-30 08:59:45.282527
/watch?v=cE7chGlMAok&pp=ygUZVW5pdGVkIFN0YXRlcyBhaWQgVWtyYWluZQ%3D%3D,/@CBSNews,CBS News,Zelenskyy tours Baltic states as Ukraine grows desperate for military aid,28K,2 weeks,Ukrainian President Volodymyr Zelenskyy is touring the Baltic countries to garner support for more military aid in the country's war ...,2024-01-30 08:59:45.284097
/watch?v=TJrMEPaVYPw&pp=ygUZVW5pdGVkIFN0YXRlcyBhaWQgVWtyYWluZQ%3D%3D,/@HT-Videos,Hindustan Times,U.S. 'Disappoints' Zelensky; Military Aid To Ukraine 'Stopped' As Putin's War Intensifies,64K,2 weeks,The White House has confirmed that U.S. military aid to Ukraine has now stopped. The U.S.' aid has stopped due to differences ...,2024-01-30 08:59:45.285970
/watch?v=VHlRTxQvAu4&pp=ygUZVW5pdGVkIFN0YXRlcyBhaWQgVWtyYWluZQ%3D%3D,/@KTVUFox2,KTVU FOX 2 San Francisco,US announces aid package for Ukraine,20K,1 month,The Defense Department announced a security assistance package for Ukraine valued at up to $250 million. The package ...,2024-01-30 08:59:55.407825
/watch?v=ZDe_6j4IJNU&pp=ygUZVW5pdGVkIFN0YXRlcyBhaWQgVWtyYWluZQ%3D%3D,/@ABCNews,ABC News,Ukraine's fight for military aid,58K,13 days,ABC News' Tom Soufi Burridge reports as Ukraine forces attempt to prepare for a new major Russian offensive as the fate of new ...,2024-01-30 08:59:55.418095
/watch?v=wbPxLWJWlHo&pp=ygUZVW5pdGVkIFN0YXRlcyBhaWQgVWtyYWluZQ%3D%3D,/@NBCNews,NBC News,New U.S. aid package to Ukraine will be valued at up to $325 million,21K,4 months,NBC News White House Correspondent Allie Raffa and NBC News Capitol Hill Correspondent Julie Tsirkin join Meet the Press ...,2024-01-30 08:59:55.428469
/watch?v=oi65HTEyxX8&pp=ygUZVW5pdGVkIFN0YXRlcyBhaWQgVWtyYWluZQ%3D%3D,/@PBSNewsHour,PBS NewsHour,"Possible deal on Ukraine aid, immigration reform at risk of collapsing",14K,4 days,High-stakes negotiations in Washington over two intertwined and looming issues were derailed on Thursday. The possible deals ...,2024-01-30 08:59:55.431760
/watch?v=rHIVR5yuikI&pp=ygUZVW5pdGVkIFN0YXRlcyBhaWQgVWtyYWluZQ%3D%3D,/@WashingtonPost,Washington Post,"Lawmakers sound off on Ukraine aid, border deal talks",14K,1 month,"Although Congress has departed Washington without a deal on Ukraine aid and border security, the Senate and White House are ...",2024-01-30 08:59:55.441264
/watch?v=YwXwjG9093E&pp=ygUZVW5pdGVkIFN0YXRlcyBhaWQgVWtyYWluZQ%3D%3D,/@TODAY,TODAY,Biden vows to shut down border if Congress locks immigration deal,267K,19 hours,The White House and a group of senators are close to a bipartisan border security deal that includes tougher border measures ...,2024-01-30 08:59:55.450176
/watch?v=ozQYnytqbTE&pp=ygUZVW5pdGVkIFN0YXRlcyBhaWQgVWtyYWluZQ%3D%3D,/@UATVEnglish,UATV English,US Aid to Ukraine Supported by Zelenskyy's Visit – Taylor,4.8K,1 month,"William Taylor, US Ambassador to Ukraine from 2006–2009, is sure that any foreign visit of the Ukrainian President is essential.",2024-01-30 08:59:55.453820
/watch?v=VnXJT_yTqRU&pp=ygUZVW5pdGVkIFN0YXRlcyBhaWQgVWtyYWluZQ%3D%3D,/@BBCNews,BBC News,Ukraine war: Kyiv forced to cut military operations as foreign aid dries up | BBC News,337K,1 month,Ukraine has warned it is already being forced to downsize some military operations because of a drop-off in foreign aid.,2024-01-30 08:59:55.463028
/watch?v=zFc_z1O-OWo&pp=ygUZVW5pdGVkIFN0YXRlcyBhaWQgVWtyYWluZQ%3D%3D,/@telegraph,The Telegraph,Putin invites Biden ‘for tea' as US-supplied ATACMS arrive in Ukraine,2M,3 months,"Vladimir Putin has invited Joe Biden for tea, suggesting that he take back the long-range Army Tactical Missile System (Atacms) ...",2024-01-30 08:59:55.471804
/watch?v=f5ClTBzBm8M&pp=ygUZVW5pdGVkIFN0YXRlcyBhaWQgVWtyYWluZQ%3D%3D,/@scrippsnews,Scripps News,Is Ukraine on the brink of collapse without US aid?,138K,1 month,A $60 billion defense aid package for Ukraine stalled in Congress this week causing growing concern that the country is on the ...,2024-01-30 08:59:55.475033
/watch?v=QHvHMx0xzPo&pp=ygUZVW5pdGVkIFN0YXRlcyBhaWQgVWtyYWluZQ%3D%3D,/@CNN,CNN,See how US weapons are helping Ukraine's army,2.1M,1 year,"After Volodomyr Zelensky's US Congress address, President Joe Biden announced an additional $800 million in in new security ...",2024-01-30 08:59:55.478400
/watch?v=0ZtlVPlIh54&pp=ygUZVW5pdGVkIFN0YXRlcyBhaWQgVWtyYWluZQ%3D%3D,/@France24_en,FRANCE 24 English,"US withholding aid to Ukraine 'unacceptable’, ex-president Poroshenko says • FRANCE 24 English",35K,1 month,"In an interview with FRANCE 24, former Ukrainian president Petro Poroshenko (2014-2019) reacted to the US Senate withholding ...",2024-01-30 08:59:55.487768
/watch?v=MqU7pxc3KpI&pp=ygUZVW5pdGVkIFN0YXRlcyBhaWQgVWtyYWluZQ%3D%3D,/@msnbc,MSNBC,White House races to secure aid for Ukraine and Israel,49K,1 month,The Senate will return Monday to continue negotiations on border security measures to unlock wartime aid for both Ukraine and ...,2024-01-30 08:59:55.496940
/watch?v=85TsoEEbX3A&pp=ygUZVW5pdGVkIFN0YXRlcyBhaWQgVWtyYWluZQ%3D%3D,/@CNN,CNN,Ex-US Marine in Ukraine shares video of storming of Russian positions,1.5M,7 months,CNN's Erin Burnett speaks with Ex-US Marine Garrison Foster who shared an exclusive video from the front lines in Ukraine.,2024-01-30 08:59:55.504693
/watch?v=k7QgMJoGYsQ&pp=ygUZVW5pdGVkIFN0YXRlcyBhaWQgVWtyYWluZQ%3D%3D,/@VOANews,Voice of America,US Sending $3B in Military Aid to Ukraine for ‘Long-Term Defense’,34K,1 year,"The US is sending a new tranche of military assistance to help Ukraine defend itself against Russia's invading force, a package ...",2024-01-30 08:59:55.508110
/watch?v=BjdACy5g1CI&pp=ygUZVW5pdGVkIFN0YXRlcyBhaWQgVWtyYWluZQ%3D%3D,/@dwnews,DW News,Ukraine fatigue: Opposition to weapons shipments is growing in the US | DW News,199K,7 months,"Ukraine's counteroffensive depends largely on weapons deliveries from the US. Yet over a year into the full-scale war, almost 30 ...",2024-01-30 08:59:55.520754
/watch?v=SympEOWHWwY&pp=ygUZVW5pdGVkIFN0YXRlcyBhaWQgVWtyYWluZQ%3D%3D,/@thehill,The Hill,"WATCH: Rand Paul CHASTISES Ukraine AID In Government Spending Plan, Puts Leadership 'ON NOTICE'",367K,4 months,"Senator Rand Paul took to the Senate floor Wednesday to ""putting congressional leadership & the Biden Administration on notice"" ...",2024-01-30 08:59:55.536193
/watch?v=5tjV4RkBEwE&pp=ygUZVW5pdGVkIFN0YXRlcyBhaWQgVWtyYWluZQ%3D%3D,/@Vox,Vox,How Western weapons transformed the war in Ukraine,2.7M,10 months,"And how the US influences which weapons they get, and which ones they don't. Subscribe and turn on notifications so you ...",2024-01-30 08:59:55.545669
/watch?v=qUzGWY5Vh9g&pp=ygUZVW5pdGVkIFN0YXRlcyBhaWQgVWtyYWluZQ%3D%3D,/@wgntv,WGN News,"As Ukraine aid falters in the Senate, Biden signals he's willing to make a deal on border security",128K,1 month,As Senate Republicans blocked the advance of tens of billions of dollars in military and economic assistance for Ukraine ...,2024-01-30 08:59:55.554655
/watch?v=W3m-5IDvomM&pp=ygUZVW5pdGVkIFN0YXRlcyBhaWQgVWtyYWluZQ%3D%3D,/@guardiannews,Guardian News,Biden confirms more military aid for Ukraine in Zelenskiy meeting,11K,4 months,Biden said he was counting on Congress to make a 'good judgment' when it came to more funding for Ukraine. The administration ...,2024-01-30 09:00:04.961272
/watch?v=MRHkj3QC-GM&pp=ygUZVW5pdGVkIFN0YXRlcyBhaWQgVWtyYWluZQ%3D%3D,/@CNN,CNN,Gen. Milley on timeline of 'military aid' to Ukraine,488K,4 months,"GPS host Fareed Zakaria talks to Chairman of the Joint Chiefs of Staff Gen. Mark Milley about US military aid to Ukraine, as well ...",2024-01-30 09:00:04.963852
/watch?v=2_tLXroXmHM&pp=ygUZVW5pdGVkIFN0YXRlcyBhaWQgVWtyYWluZQ%3D%3D,/@CBSChicago,CBS Chicago,U.S. to provide additional aid to Ukraine as battle against Russian invasion continues,18K,4 months,"A major U.S. show of support for Ukraine Wednesday in its battle against the Russian invasion. AS CBS's Natalie Brand reports, ...",2024-01-30 09:00:04.965851
/watch?v=QQkNJnRoyz0&pp=ygUZVW5pdGVkIFN0YXRlcyBhaWQgVWtyYWluZQ%3D%3D,/@PrestonStewart,Preston Stewart ,Russia Captures Bradley - US Aid To Ukraine In Trouble (07DEC2023),97K,1 month,Fighting continues along the front but overall the progress is minimal when looking at the grand scheme of the war. Russia ...,2024-01-30 09:00:04.968951
/watch?v=lEfcaJvriR4&pp=ygUZVW5pdGVkIFN0YXRlcyBhaWQgVWtyYWluZQ%3D%3D,/@Firstpost,Firstpost,US to Stop Funding Ukraine's War Effort? | Vantage with Palki Sharma,294K,1 month,"US to Stop Funding Ukraine's War Effort? | Vantage with Palki Sharma The White House has warned that ""there is no money"" left ...",2024-01-30 09:00:04.971959
/watch?v=FiFuBwshBqs&pp=ygUZVW5pdGVkIFN0YXRlcyBhaWQgVWtyYWluZQ%3D%3D,/@VOANews,Voice of America,Looming Shutdown Threatens US Aid to Ukraine | VOANews,4K,2 months,Biden administration officials warned U.S. lawmakers Wednesday that a failure to pass the White House request for $61.4 billion ...,2024-01-30 09:00:04.973490
/watch?v=IIs0KnyOHro&pp=ygUZVW5pdGVkIFN0YXRlcyBhaWQgVWtyYWluZQ%3D%3D,/@wgntv,WGN News,Biden says there's 'not much time' to keep aid flowing to Ukraine and Congress must 'stop the games',29K,3 months,... that American aid to Ukraine will keep flowing for now as he sought to reassure allies of continued U.S. financial support for the ...,2024-01-30 09:00:04.975059
/watch?v=wRtYyjvYTWk&pp=ygUZVW5pdGVkIFN0YXRlcyBhaWQgVWtyYWluZQ%3D%3D,/@BusinessInsider,Business Insider,Inside the US Factory Making Ukraine’s Most Important Ammo | Big Business | Insider Business,7.1M,5 months,"The US has sent Ukraine millions of 155mm rounds since the war started, including cluster bombs. But there's a global shortage of ...",2024-01-30 09:00:04.977176
/watch?v=8YaypkNGlKc&pp=ygUZVW5pdGVkIFN0YXRlcyBhaWQgVWtyYWluZQ%3D%3D,/@NBCNews,NBC News,U.S to give Ukraine an additional $325 million in military aid,97K,4 months,"After meeting with Ukrainian President Zelensky, President Joe Biden announced that the U.S. will provide Ukraine with an ...",2024-01-30 09:00:04.978737
/watch?v=gShGLsFIWA0&pp=ygUZVW5pdGVkIFN0YXRlcyBhaWQgVWtyYWluZQ%3D%3D,/@HT-Videos,Hindustan Times,Pentagon's Big Warning To U.S. Congress Over Ukraine Aid; 'Running Low On Money...',66K,3 months,The Pentagon had reportedly warned the U.S. Congress that it was running low on money to replace weapons sent to Ukraine.,2024-01-30 09:00:04.980162
/watch?v=qMbegrPEPco&pp=ygUZVW5pdGVkIFN0YXRlcyBhaWQgVWtyYWluZQ%3D%3D,/@CBSNews,CBS News,Financial impact of U.S. aid to Ukraine and new sanction on Russia,6.3K,11 months,CBS News foreign correspondent Ramy Inocencio joins CBS News to discuss the latest U.S. aid to Ukraine and the ...,2024-01-30 09:00:04.981771
/watch?v=iBMUZ5dVrpo&pp=ygUZVW5pdGVkIFN0YXRlcyBhaWQgVWtyYWluZQ%3D%3D,/@CBSNews,CBS News,Russian foreign minister says U.S. is wrong about ending Ukraine war,365K,7 days,"Russian Foreign Minister Sergey Lavrov, in New York for U.N. meetings on Ukraine and the Middle East, told CBS News ...",2024-01-30 09:00:04.983198
/watch?v=aRA60BGEJQc&pp=ygUZVW5pdGVkIFN0YXRlcyBhaWQgVWtyYWluZQ%3D%3D,/@BBCNews,BBC News,Ukraine’s Zelensky in last-ditch US tour to plead for $61bn aid – BBC News,169K,1 month,Ukrainian President Volodymyr Zelensky is in Washington DC to try and save a $61bn (£48.5bn) US defence package for Kyiv.,2024-01-30 09:00:04.984610
/watch?v=uGlVIlWxTf0&pp=ygUZVW5pdGVkIFN0YXRlcyBhaWQgVWtyYWluZQ%3D%3D,/@CBSEveningNews,CBS Evening News,Ukraine struggles to defend against Russian invasion as aid dries up,60K,2 weeks,Ukrainian President Volodymyr Zelenskyy is set to travel to Switzerland to ask for more aid in his country's fight against the ...,2024-01-30 09:00:04.985994
/watch?v=qAdoReNV9yY&pp=ygUZVW5pdGVkIFN0YXRlcyBhaWQgVWtyYWluZQ%3D%3D,/@VOANews,Voice of America,US Announces $1.2 Billion More in Military Aid to Ukraine | VOANews,51K,8 months,U.S. Secretary of State Antony Blinken said Tuesday that Washington is looking to cooperate with China to “solve big challenges.,2024-01-30 09:00:04.987369
/watch?v=XEFUtNZlK8U&pp=ygUZVW5pdGVkIFN0YXRlcyBhaWQgVWtyYWluZQ%3D%3D,/@livenowfox,LiveNOW from FOX,Russia-Ukraine war: U.S. announces $250 million weapons package | LiveNOW from FOX,70K,1 month,The U.S. announced what could be the final package of military aid to Ukraine unless Congress approves supplemental funding.,2024-01-30 09:00:04.993336
/watch?v=sX-P6wqs-MU&pp=ygUZVW5pdGVkIFN0YXRlcyBhaWQgVWtyYWluZQ%3D%3D,/@dwnews,DW News,Zelenskyy faces resistance from US as Congress debates Ukraine funding | DW Analysis,113K,4 months,DW speaks with retired US Army officer Ben Hodges to understand the details and the consequences of the US's latest aid ...,2024-01-30 09:00:04.997180
/watch?v=lhKMDD3J5Tk&pp=ygUZVW5pdGVkIFN0YXRlcyBhaWQgVWtyYWluZQ%3D%3D,/@France24_en,FRANCE 24 English,Ukraine's Zelensky accused of buying two yachts with Western aid money • FRANCE 24 English,30K,1 month,"Ukrainian President Volodymyr Zelensky is accused of buying two luxury yachts in October with Western aid money, in the name ...",2024-01-30 09:00:04.998964
/watch?v=vHavox-hnQo&pp=ygUZVW5pdGVkIFN0YXRlcyBhaWQgVWtyYWluZQ%3D%3D,/@CBSMornings,CBS Mornings,Ukraine funding at risk after U.S. averts government shutdown,35K,3 months,"The U.S. is by far the largest provider of military aid to Ukraine, and Ukrainian President Volodymyr Zelenskyy has warned that ...",2024-01-30 09:00:05.000819
/watch?v=PYUzFHpBffU&pp=ygUZVW5pdGVkIFN0YXRlcyBhaWQgVWtyYWluZQ%3D%3D,/@msnbc,MSNBC,"Republicans are ‘under the thumb’ of Trump, Putin on Ukraine aid: Presidential historian",98K,1 month,"President Biden faces multiple political crises headed into the holiday season, from securing aid for Ukraine and Israel to an ...",2024-01-30 09:00:05.003044
